ID,Name,Address,ContactNo,Email,CourseEnroll,RegistrationDate
1,Prajal Rana,Gairapatan,9894852483,prajal@gmail.com,Multimedia Technology,11/27/2020
2,Simant Chapagai,Parsyang,9874754481,Simant@gmail.com,Computing,11/20/2020
3,Abishek Pude,Mahatgauda,9869584488,Pude@gmail.com,Networking,11/29/2020
4,Clara Maharjan,Bhadrakaali,9468654438,Bhadrakali@gmail.com,Networking,11/27/2020
5,Amit Pansari,Bindabasini,9894977848,Ammit@gmail.com,Computing,11/26/2020
6,Agnes Poudel,Siddartha Chowk,9234654480,Agnes@gmail.com,Multimedia Technology,11/25/2020
7,Ashish Neupane,Amarsingh,9894652480,Neupane@gmail.com,Multimedia Technology,11/25/2020